{
  "uganda": "אוגנדה",
  "uzbekistan": "אוזבקיסטאן",
  "austria": "אוסטריה",
  "australia": "אוסטרליה",
  "ukraine": "אוקראינה",
  "uruguay": "אורוגואי",
  "azerbaijan": "אזרביג'אן",
  "united arab emirates": "איחוד האמירויות הערביות",
  "italy": "איטליה",
  "bahamas": "איי הבהאמס",
  "marshall islands": "איי מרשל",
  "seychelles": "איי סיישל",
  "cook islands": "איי קוק",
  "solomon islands": "איי שלמה",
  "indonesia": "אינדונזיה",
  "iceland": "איסלנד",
  "iran": "איראן",
  "ireland": "אירלנד",
  "el salvador": "אל סלבדור",
  "albania": "אלבניה",
  "algeria": "אלג'יריה",
  "angola": "אנגולה",
  "andorra": "אנדורה",
  "antigua and barbuda": "אנטיגואה-ברבודה",
  "eswatini": "אסוואטיני",
  "estonia": "אסטוניה",
  "afghanistan": "אפגניסטן",
  "ecuador": "אקוואדור",
  "argentina": "ארגנטינה",
  "eritrea": "אריתריאה",
  "armenia": "ארמניה",
  "united states": "ארצות הברית",
  "ethiopia": "אתיופיה",
  "bulgaria": "בולגריה",
  "bolivia": "בוליביה",
  "bosnia and herzegovina": "בוסניה הרצגובינה",
  "botswana": "בוצואנה",
  "burundi": "בורונדי",
  "burkina faso": "בורקינה פסו",
  "bahrain": "בחריין",
  "belarus": "בלארוס",
  "belgium": "בלגיה",
  "belize": "בליז",
  "bangladesh": "בנגלדש",
  "benin": "בנין",
  "barbados": "ברבדוס",
  "brunei": "ברוניי",
  "brazil": "ברזיל",
  "united kingdom": "בריטניה",
  "djibouti": "ג'יבוטי",
  "jamaica": "ג'מאיקה",
  "gabon": "גאבון",
  "ghana": "גאנה",
  "guatemala": "גואטמלה",
  "guyana": "גויאנה",
  "georgia": "גיאורגיה",
  "guinea": "גינאה",
  "equatorial guinea": "גינאה המשוונית",
  "guinea-bissau": "גינאה-ביסאו",
  "gambia": "גמביה",
  "germany": "גרמניה",
  "grenada": "גרנדה",
  "dominica": "דומיניקה",
  "denmark": "דנמרק",
  "south africa": "דרום אפריקה",
  "south sudan": "דרום סודאן",
  "haiti": "האיטי",
  "maldives": "האיים המלדיביים",
  "india": "הודו",
  "netherlands": "הולנד",
  "hungary": "הונגריה",
  "honduras": "הונדורס",
  "dominican republic": "הרפובליקה הדומיניקנית",
  "democratic republic of the congo": "הרפובליקה הדמוקרטית של קונגו",
  "vatican city-holy see": "ואטיקאן-הכס הקדוש",
  "vietnam": "ויטנאם",
  "vanuatu": "ונואטו",
  "venezuela": "ונצואלה",
  "zimbabwe": "זימבאבווה",
  "zambia": "זמביה",
  "ivory coast": "חוף השנהב (קוט דיוואר)",
  "tajikistan": "טג'קיסטאן",
  "tuvalu": "טובלו",
  "togo": "טוגו",
  "tonga": "טונגה",
  "taiwan": "טייואן",
  "tanzania": "טנזניה",
  "trinidad and tobago": "טרינידד וטובגו",
  "greece": "יוון",
  "japan": "יפן",
  "jordan": "ירדן",
  "kuwait": "כווית",
  "laos, people's democratic republic": "לאוס, רפובליקה דמוקרטית עממית",
  "lebanon": "לבנון",
  "libya": "לוב",
  "luxembourg": "לוקסמבורג",
  "latvia": "לטביה",
  "liberia": "ליבריה",
  "lithuania": "ליטא",
  "liechtenstein": "ליכטנשטיין",
  "lesotho": "לסוטו",
  "mauritania": "מאוריטניה",
  "mauritius": "מאוריציוס",
  "mali": "מאלי",
  "madagascar": "מדגסקר",
  "mozambique": "מוזמביק",
  "moldova": "מולדובה",
  "mongolia": "מונגוליה",
  "montenegro": "מונטנגרו",
  "monaco": "מונקו",
  "east timor": "מזרח טימור",
  "myanmar": "מיאנמר",
  "micronesia": "מיקרונזיה",
  "mexico": "מכסיקו",
  "malawi": "מלאווי",
  "malaysia": "מלזיה",
  "malta": "מלטה",
  "egypt": "מצרים",
  "macedonia": "מקדוניה",
  "morocco": "מרוקו",
  "nauru": "נאורו",
  "norway": "נורבגיה",
  "nigeria": "ניגריה",
  "new zealand": "ניו זילנד",
  "niger": "ניז'ר",
  "nicaragua": "ניקרגואה",
  "namibia": "נמיביה",
  "nepal": "נפאל",
  "são tomé and príncipe": "סאו תומה ופרינציפה",
  "sudan": "סודאן",
  "somalia": "סומליה",
  "syria": "סוריה",
  "suriname": "סורינם",
  "st. vincent and the grenadines": "סט' וינסנט והגרנדינים",
  "st. lucia": "סט' לוציה",
  "st. kitts and nevis": "סט' קיטס ונביס",
  "sierra leone": "סיירה ליאונה",
  "china": "סין",
  "singapore": "סינגפור",
  "slovenia": "סלובניה",
  "slovakia": "סלובקיה",
  "samoa": "סמואה",
  "san marino": "סן מרינו",
  "senegal": "סנגל",
  "spain": "ספרד",
  "serbia": "סרביה",
  "sri lanka": "סרי לנקה",
  "oman": "עומאן",
  "iraq": "עיראק",
  "saudi arabia": "ערב הסעודית",
  "poland": "פולין",
  "portugal": "פורטוגל",
  "fiji": "פיג'י",
  "philippines": "פיליפינים",
  "finland": "פינלנד",
  "palau": "פלאו",
  "panama": "פנמה",
  "papua new guinea": "פפואה ניו גיני",
  "pakistan": "פקיסטאן",
  "paraguay": "פרגוואי",
  "peru": "פרו",
  "chad": "צ'אד",
  "chile": "צ'ילה",
  "czech republic": "צ'כיה",
  "north macedonia": "צפון מקדוניה",
  "france": "צרפת",
  "cuba": "קובה",
  "colombia": "קולומביה",
  "comoros": "קומורוס",
  "congo": "קונגו",
  "kosovo": "קוסובו",
  "costa rica": "קוסטה ריקה",
  "korea": "קוריאה",
  "north korea": "קוריאה הצפונית",
  "kazakhstan": "קזחסטאן",
  "qatar": "קטר",
  "cape verde": "קייפ ורדה",
  "kyrgyzstan": "קירגיסטאן",
  "kiribati": "קיריבטי",
  "cambodia": "קמבודיה",
  "cameroon": "קמרון",
  "canada": "קנדה",
  "kenya": "קניה",
  "cyprus": "קפריסין",
  "croatia": "קרואטיה",
  "rwanda": "רואנדה",
  "romania": "רומניה",
  "russia": "רוסיה",
  "central african republic": "רפובליקה מרכז אפריקנית",
  "sweden": "שבדיה",
  "switzerland": "שווייץ",
  "thailand": "תאילנד",
  "tunisia": "תוניסיה",
  "turkey": "תורכיה",
  "turkmenistan": "תורכמניסטאן",
  "yemen": "תימן"
}