[
  {
    "country": "Argentina",
    "city": "Buenos Aires",
    "type": "Embassy",
    "address": "EMBASSY AVENIDA DE MAYO 701 PISO 10 BUENOS AIRES ARGENTINA 1084 ",
    "phone": "00-54-11-37244500   ",
    "email": "info@buenosaires.mfa.gov.il",
    "website": "https://embassies.gov.il/buenos-aires"
  },
  {
    "country": "Australia",
    "city": "Canberra",
    "type": "Embassy",
    "address": "EMBASSY 6 TURRANA ST. YARRALUMLA, ACT, 2600 CANBERRA ACT",
    "phone": "00-61-2-62154500   ",
    "email": "info@canberra.mfa.gov.il",
    "website": "https://canberra.mfa.gov.il"
  },
  {
    "country": "Switzerland",
    "city": "Geneva (UN)",
    "type": "Delegation",
    "address": "PERMANENT MISSION OF ISRAEL TO THE U.N &amp; INTERNATIONAL ORGANIZATION 1-3 AVE. DE LA PAIX 1202 GENEVA SWITZERLAND",
    "phone": "00-41-022-7160500   ",
    "email": "info@geneva.mfa.gov.il",
    "website": "https://embassies.gov.il/unitedations"
  },
  {
    "country": "Austria",
    "city": "Vienna",
    "type": "Embassy",
    "address": "EMBASSY VIENNA 1180 ANTON  FRANK - GASSE 20 WIEN 1180 VIENNA",
    "phone": "00-43-1-47646501/5 00-43-1-476460   ",
    "email": "info-sec@vienna.mfa.gov.il",
    "website": "https://EMBASSIES.GOV.IL/VIENNA"
  },
  {
    "country": "Belgium",
    "city": "Brussels (EU)",
    "type": "Delegation",
    "address": "EMBASSY AV. DE L'OBSER V ATOIRE 40 1180 BRUXELLES BRUSSELS (EU) ",
    "phone": "00-32-2-3735500   ",
    "email": "info@brussels.mfa.gov.il",
    "website": "https://embassies.gov.il/eu"
  },
  {
    "country": "Brazil",
    "city": "Brazilia",
    "type": "Embassy",
    "address": "EMBASSY S.E.S AV.   DAS-NACOES LOTE 38, Q 809 BRASILIA CEP 70424900",
    "phone": "00-55-61-21050500   ",
    "email": "info@brasilia.mfa.gov.il",
    "website": "https://embassies.gov.il/brasilia"
  },
  {
    "country": "Brazil",
    "city": "Sao Paulo",
    "type": "Consulate General",
    "address": "CONSULADO GERAL DE ISRAEL RUA JAMES JOULE, 92 - 11 ANDAR BROOKLYN - 04576 - 080  SAO PAOLO",
    "phone": "00-55-11-21270500   ",
    "email": "info@saopaulo.mfa.gov.il",
    "website": "https://embassies.gov.il/sao-paulo"
  },
  {
    "country": "Bulgaria",
    "city": "Sofia",
    "type": "Embassy",
    "address": "EMBASSY 18 SHIPCHENSKI PROHOD BLVD. OFFICE CENTER GALAXY, 6TH FLOOR 1113, SOFIA BULGARIA",
    "phone": "00-359-2-9515044 00-359-2-9861235   ",
    "email": "info@sofia.mfa.gov.il",
    "website": "https://embassies.gov.il/sofia"
  },
  {
    "country": "Cameroon",
    "city": "Yaounde",
    "type": "Embassy",
    "address": "EMBASSY P.O. BOX 5934 YAOUNDE  ",
    "phone": "00-237-2-2219397 00-237-2-2201644  00-237-2-2211291  ",
    "email": "info@yaounde.mfa.gov.il",
    "website": "https://embassies.gov.il/yaounde"
  },
  {
    "country": "Canada",
    "city": "Ottawa",
    "type": "Embassy",
    "address": "EMBASSY 50 O'CONNOR STR. SUITE 1005 ONTARIO K1P 6L2 OTTAWA ",
    "phone": "00-1-613-7507500   ",
    "email": "info@ottawa.mfa.gov.il",
    "website": "https://ottawa.mfa.gov.il"
  },
  {
    "country": "Canada",
    "city": "Montreal",
    "type": "Consulate General",
    "address": "CONSULATE GENERAL 1 WESTMOUNT SQUARE SUITE 650 WESTMONT QUEBEC H3Z 2P9  CANADA",
    "phone": "00-1-514-9408506   ",
    "email": "info@montreal.mfa.gov.il",
    "website": "https://montreal.mfa.gov.il"
  },
  {
    "country": "Canada",
    "city": "Toronto",
    "type": "Consulate General",
    "address": "CONSULATE GENERAL 2 BLOOR STREET EAST SUITE 400 TORONTO, ONTARIO CANADA M4W1A8",
    "phone": "00-1-416-6408500   ",
    "email": "info@toronto.mfa.gov.il",
    "website": "https://toronto.mfa.gov.il"
  },
  {
    "country": "Chile",
    "city": "Santiago De Chille",
    "type": "Embassy",
    "address": "EMBASSY ALONSO DE CORDOVA 5320 PISO 7 LAS CONDES SANTIAGO ",
    "phone": "00-56-22-7500500   ",
    "email": "info@santiago.mfa.gov.il",
    "website": "https://santiago.mfa.gov.il"
  },
  {
    "country": "Colombia",
    "city": "Bogota",
    "type": "Embassy",
    "address": "EMBASSY EDIFICO TORRE 7-8 CALLE 26, NO. 57-83, PISO 7 BOGOTA ",
    "phone": "00-57-601-3277500   ",
    "email": "info@bogota.mfa.gov.il",
    "website": "https://embassies.gov.il/bogota"
  },
  {
    "country": "Czech Republic",
    "city": "Prague",
    "type": "Embassy",
    "address": "EMBASSY BADENIHO 2 17000 PRAGUE 7 PRAGUE ",
    "phone": "00-420-23-3097500   ",
    "email": "info@prague.mfa.gov.il",
    "website": "https://embassies.gov.il/praha"
  },
  {
    "country": "Costa Rica",
    "city": "San Jose",
    "type": "Embassy",
    "address": "EMBASSY EDIFICIO CENTRO COLON PASEO COLON, CALLE 38 SAN JOSE ",
    "phone": "00-506--22216444   ",
    "email": "info@sanjose.mfa.gov.il",
    "website": "https://sanjose.mfa.gov.il"
  },
  {
    "country": "Cote d'Ivoire",
    "city": "Abidjan",
    "type": "Embassy",
    "address": "EMBASSY 01 B.P. 1877, ABIDJAN 01  ",
    "phone": "00-225-27-20213178   ",
    "email": "info@abidjan.mfa.gov.il",
    "website": "https://embassies.gov.il/abidjan"
  },
  {
    "country": "Cyprus",
    "city": "Nicosia",
    "type": "Embassy",
    "address": "EMBASSY GRYPARI STR 4 P.O.B 25159 NICOSIA CYPRUS",
    "phone": "00-357-22-369500   ",
    "email": "info@nicosia.mfa.gov.il",
    "website": "https://embassies.gov.il/nicosia"
  },
  {
    "country": "Denmark",
    "city": "Copenhagen",
    "type": "Embassy",
    "address": "EMBASSY LUNDEVANGSVEJ 4 2900 HELLERUP COPENHAGEN ",
    "phone": "00-45--88185500   ",
    "email": "info@copenhagen.mfa.gov.il",
    "website": "https://embassies.gov.il/copenhagen"
  },
  {
    "country": "Dominican Republic",
    "city": "Santo Domingo",
    "type": "Embassy",
    "address": "DOWNTOWN CENTER AV. NUNES DE CACERES CORNER ROMULO BETANCOURT, BELLA VISTA SNATO DOMINGO DOMINICAN REPUBLIC",
    "phone": "00-1-809-9201500   ",
    "email": "info@santodomingo.mfa.gov.il",
    "website": "https://santodomingo.mfa.gov.il"
  },
  {
    "country": "Ecuador",
    "city": "Quito",
    "type": "Embassy",
    "address": "EMBAJADA DE ISRAEL Avenida La Coruna E25-58  Y San Ignacio Altana Plaza , Piso 5 Quito - Ecuador ",
    "phone": "00-593-2-3971500   ",
    "email": "info@quito.mfa.gov.il",
    "website": "https://embassies.gov.il/quito"
  },
  {
    "country": "Egypt",
    "city": "Cairo",
    "type": "Embassy",
    "address": "EMBASSY 25, Moustafa Kamel st.Maadi CAIRO  ",
    "phone": "00-20-2-33321500   ",
    "email": "info@cairo.mfa.gov.il",
    "website": "https://embassies.gov.il/cairo"
  },
  {
    "country": "Ethiopia",
    "city": "Addis Ababa",
    "type": "Embassy",
    "address": "EMBASSY P.O. BOX 1266 HIGHER 16 KEBELE 22 HOUSE NO. 283 ADDIS ABABA",
    "phone": "00-251-11-6460999   ",
    "email": "consul@addisababa.mfa.gov.il",
    "website": "https://embassies.gov.il/addis_ababa"
  },
  {
    "country": "Finland",
    "city": "Helsinki",
    "type": "Embassy",
    "address": "EMBASSY YRJONKATU 36A HELSINKI 00100 FINLAND ",
    "phone": "00-358-9-6812020   ",
    "email": "info@helsinki.mfa.gov.il",
    "website": "https://embassies.gov.il/helsinki"
  },
  {
    "country": "France",
    "city": "Paris",
    "type": "Embassy",
    "address": "EMBASSY RUE RABELAIS 3  PARIS 75008 FRANCE",
    "phone": "00-33-1-40765500   ",
    "email": "info@paris.mfa.gov.il",
    "website": "https://paris.mfa.gov.il"
  },
  {
    "country": "United Kingdom",
    "city": "London",
    "type": "Embassy",
    "address": "EMBASSY 2 PALACE GREEN LONDON W 8 4QB  ",
    "phone": "00-44-20-79579500   ",
    "email": "info@london.mfa.gov.il",
    "website": "https://embassies.gov.il/london"
  },
  {
    "country": "Greece",
    "city": "Athens",
    "type": "Embassy",
    "address": "EMBASSY 1 MARATHONODROMON FILOTHEI PSYCHIKO, 154 52 ATHENS ",
    "phone": "00-30-210-6705500   ",
    "email": "info@athens.mfa.gov.il",
    "website": "https://embassies.gov.il/athens"
  },
  {
    "country": "Guatemala",
    "city": "Guatemala City",
    "type": "Embassy",
    "address": "EMBAJADA DE ISRAEL CENTRO DE NEGOCIOS ZENIT 9 AVE. 19-61, ZONA 10 GUATEMALA CITY GUATEMALA",
    "phone": "00-502--23178500   ",
    "email": "info@guatemala.mfa.gov.il",
    "website": "https://embassies.gov.il/guatemala"
  },
  {
    "country": "Honduras",
    "city": "Tegucigalpa",
    "type": "Embassy",
    "address": "    ",
    "phone": "00--504-22428975   ",
    "email": null,
    "website": "https://embassies.gov.il/honduras/en"
  },
  {
    "country": "China",
    "city": "Hong-Kong",
    "type": "Consulate General",
    "address": "CONSULATE GENERAL HARCOURT ROAD 18 ADMIRALTY CENTER SUITE 701 HONG KONG",
    "phone": "00-852-2-8217500   ",
    "email": "info@hongkong.mfa.gov.il",
    "website": "https://embassies.gov.il/hong-kong"
  },
  {
    "country": "Hungary",
    "city": "Budapest",
    "type": "Embassy",
    "address": "EMBASSY FULLANK UTCA 8 1026 BUDAPEST II BUDAPEST ",
    "phone": "00-36-1-3926200   ",
    "email": "info@budapest.mfa.gov.il",
    "website": "https://embassies.gov.il/budapest"
  },
  {
    "country": "India",
    "city": "Mumbai",
    "type": "Consulate General",
    "address": "CONSULATE GENERAL MARATHON FUTUREX UNIT NO A - 1301 WING A N M MARG LOWER PAREL MUMBAI 400013, INDIA",
    "phone": "00-91-22-61600500   ",
    "email": "info@mumbai.mfa.gov.il",
    "website": "https://embassies.gov.il/mumbai"
  },
  {
    "country": "Italy",
    "city": "Rome",
    "type": "Embassy",
    "address": "EMBASSY VIA MICHELE MERCATI 14 ROME, ITALY ",
    "phone": "00-39-06-36198500   ",
    "email": "info-coor@roma.mfa.gov.il",
    "website": "https://embassies.gov.il/rome"
  },
  {
    "country": "Japan",
    "city": "Tokyo",
    "type": "Embassy",
    "address": "EMBASSY 3 NIBAN-CHO CHIYODA-KU TOKYO ",
    "phone": "00-81-3-32640911   ",
    "email": "info@tokyo.mfa.gov.il",
    "website": "https://embassies.gov.il/tokyo"
  },
  {
    "country": "Kenya",
    "city": "Nairobi",
    "type": "Embassy",
    "address": "EMBASSY BISHOP ROAD NAIROBI P.O. BOX 30354 NAIROBI 00100 KENYA",
    "phone": "00-254-20-4927500 00-254-20-2710381  00-254-20-2711684  ",
    "email": "info@nairobi.mfa.gov.il",
    "website": "https://embassies.gov.il/nairobi"
  },
  {
    "country": "Myanmar",
    "city": "Yangon",
    "type": "Embassy",
    "address": "EMBASSY NO.15, KHBAUNG STREET, HLAING TOWNSHIP YANGON  ",
    "phone": "00-95-1-515112/3/4/5   ",
    "email": "info@yangon.mfa.gov.il",
    "website": "https://embassies.gov.il/yangon"
  },
  {
    "country": "Mexico",
    "city": "Mexico-City",
    "type": "Embassy",
    "address": "EMBASSY SIERRA MADRE NO. 215 LOMAS DE CHAPULTEPEC 11000, MEXICO D.F MEXICO-CITY",
    "phone": "00-52-55-52011500   ",
    "email": "info@mexico.mfa.gov.il",
    "website": "https://embassies.gov.il/mexico-city"
  },
  {
    "country": "Nepal",
    "city": "Kathmandu",
    "type": "Embassy",
    "address": "EMBASSY BISHRAMALAYA HOUSE LAZIMPAT ST. P.O BOX 371 KATHMANDU",
    "phone": "00-977-1-4290500   ",
    "email": "info@kathmandu.mfa.gov.il",
    "website": "https://embassies.gov.il/kathmandu"
  },
  {
    "country": "New Zealand",
    "city": "Wellington",
    "type": "Embassy",
    "address": "EMBASSY 36 BRANDON STREET LEVEL 13 \"BAYLEYS\" BUILDING WELLINGTON, 6146 NEW ZEALAND",
    "phone": "00-64-4-4399500   ",
    "email": "info@wellington.mfa.gov.il",
    "website": "https://embassies.gov.il/wellington"
  },
  {
    "country": "Norway",
    "city": "Oslo",
    "type": "Embassy",
    "address": "EMBASSY PARKVEIEN 35 0244 OSLO  ",
    "phone": "00-47--21019500   ",
    "email": "info@oslo.mfa.gov.il",
    "website": "https://embassies.gov.il/oslo"
  },
  {
    "country": "Panama",
    "city": "Panama City",
    "type": "Embassy",
    "address": "EMBAJADA DE ISRAEL EN PANAMA EDIFICIO P.H TORRE DEL BANCO GENERAL PISO 17 PANAMA-CITY PANAMA",
    "phone": "00-507--2084700   ",
    "email": "info@panama.mfa.gov.il",
    "website": "https://embassies.gov.il/panama"
  },
  {
    "country": "Paraguay",
    "city": "Asuncion",
    "type": "Embassy",
    "address": "EMBAJADA DE ISRAEL Avenida A viadores del chaco N 2050 World Trade Center Torre N 4 Piso 19,asuncion, Paraguay ASUNCION",
    "phone": "00-595-21-6596500   ",
    "email": "publicdiplomacy@asuncion.mfa.gov.il",
    "website": "https://embassies.gov.il/paraguay/en"
  },
  {
    "country": "Peru",
    "city": "Lima",
    "type": "Embassy",
    "address": "EMBASSY CALLE: ANDRES REYES 437, SAN ISIDRO CENTRO EMPRESARIAL PLATINUM PLAZA 2 PISO 13 LIMA, PERU",
    "phone": "00-51-1-4180500   ",
    "email": "info@lima.mfa.gov.il",
    "website": "https://embassies.gov.il/lima"
  },
  {
    "country": "Philippines",
    "city": "Manila",
    "type": "Embassy",
    "address": "EMBASSY 10th Avecshares Center University Parkway 1132 North Bonifacio City Taguig City 1634",
    "phone": "00-63-2-88839500   ",
    "email": "info@manila.mfa.gov.il",
    "website": "https://embassies.gov.il/manila"
  },
  {
    "country": "Poland",
    "city": "Warsaw",
    "type": "Embassy",
    "address": "EMBASSY UL. KRZYWICKIEGO 24, WARSZAWA  02-078 WARSAW ",
    "phone": "00-48-22-5970500   ",
    "email": "publicaffairs@warsaw.mfa.gov.il",
    "website": "https://embassies.gov.il/warsaw"
  },
  {
    "country": "Portugal",
    "city": "Lisbon",
    "type": "Embassy",
    "address": "EMBASSY RUA  ANTONIO ENES NO.16 LISBON  ",
    "phone": "00-351-21-0455500   ",
    "email": "info@lisbon.mfa.gov.il",
    "website": "https://embassies.gov.il/lisboa"
  },
  {
    "country": "Romania",
    "city": "Bucharest",
    "type": "Embassy",
    "address": "EMBASSY B-DUL DIMITRIE CANTEMIR NR.1 SITRACO CENTER CLADIRE B2, TRONSON 2+3, ET.5 040231 BUCHAREST",
    "phone": "00-40-21-3028500   ",
    "email": "info@bucharest.mfa.gov.il",
    "website": "https://embassies.gov.il/bucharest"
  },
  {
    "country": "Singapore",
    "city": "Singapore",
    "type": "Embassy",
    "address": "EMBASSY 24 Stevens Close SINGAPORE 257964 ",
    "phone": "00-65--68349200   ",
    "email": "info@singapore.mfa.gov.il",
    "website": "https://embassies.gov.il/singapore"
  },
  {
    "country": "South Africa",
    "city": "Pretoria",
    "type": "Embassy",
    "address": "EMBASSY 428 KINGS HIGHWAY PRETORA SOUTH AFRICA 0081 ",
    "phone": "00-27-12-4703500   ",
    "email": "pr@pretoria.mfa.gov.il",
    "website": "https://embassies.gov.il/pretoria"
  },
  {
    "country": "Spain",
    "city": "Madrid",
    "type": "Embassy",
    "address": "EMBASSY VELAZQUEZ 150 28002 MADRID SPAIN ",
    "phone": "00-34-91-7829500   ",
    "email": "info@madrid.mfa.gov.il",
    "website": "https://embassies.gov.il/madrid"
  },
  {
    "country": "Sweden",
    "city": "Stockholm",
    "type": "Embassy",
    "address": "EMBASSY STRANDVAGEN 58 11523 STOCKHOLM SWEDEN ",
    "phone": "00-46-46-852806500   ",
    "email": "info@stockholm.mfa.gov.il",
    "website": "https://embassies.gov.il/stockholm"
  },
  {
    "country": "Switzerland",
    "city": "Bern",
    "type": "Embassy",
    "address": "EMBASSY ALPENSTRASSE 32 3006 BERN ",
    "phone": "00-41-31-3563500   ",
    "email": "info@bern.mfa.gov.il",
    "website": "https://embassies.gov.il/bern"
  },
  {
    "country": "Thailand",
    "city": "Bangkok",
    "type": "Embassy",
    "address": "EMBASSY OCEAN TOWER  II 25TH FL. SUKUMVIT SOI  19 BANGKOK 10110 ",
    "phone": "00-66-2-2049200   ",
    "email": "info@bangkok.mfa.gov.il",
    "website": "https://embassies.gov.il/bangkok"
  },
  {
    "country": "Turkey",
    "city": "Ankara",
    "type": "Embassy",
    "address": "EMBASSY KOC KULELERI,  ESKISEHIR YOLU, A-1 BLOK 29.KAT SOGUTOZU ANKARA TURKEY",
    "phone": "00-90-312-4597500   ",
    "email": "info@ankara.mfa.gov.il",
    "website": "https://ankara.mfa.gov.il"
  },
  {
    "country": "Turkey",
    "city": "Istanbul",
    "type": "Consulate General",
    "address": "CONSULATE GENERAL BUYUKDERE CAD. YAPI KREDI PLAZA BLOCK C. KAT:7 LEVENT 80620 ISTANBUL ",
    "phone": "00-90-212-3176500   ",
    "email": "info@istanbul.mfa.gov.il",
    "website": "https://embassies.gov.il/istanbul"
  },
  {
    "country": "United States of America",
    "city": "Washington",
    "type": "Embassy",
    "address": "EMBASSY 3514 INTERNATIONAL DR. N.W. WASHINGTON D.C. 20008  ",
    "phone": "00-1-202-3645500   ",
    "email": "info@washington.mfa.gov.il",
    "website": "https://embassies.gov.il/washington"
  },
  {
    "country": "United States of America",
    "city": "New York",
    "type": "Consulate General",
    "address": "CONSULATE GENERAL OF ISRAEL 800 SECOND AVENUE NEW YORK, N.Y.  10017  ",
    "phone": "00-1-212-4995000   ",
    "email": "info@newyork.mfa.gov.il",
    "website": "https://embassies.gov.il/newyork/en"
  },
  {
    "country": "United States of America",
    "city": "Atlanta",
    "type": "Consulate General",
    "address": "CONSULATE GENERAL 1100 SPRING ST.NW SUITE 440 ATLANTA, GEORGIA 30309 U.S.A",
    "phone": "00-1-404-4876500   ",
    "email": "info@atlanta.mfa.gov.il",
    "website": "https://atlanta.mfa.gov.il"
  },
  {
    "country": "United States of America",
    "city": "Boston",
    "type": "Consulate General",
    "address": "1 Washington st.Boston MA 02108   ",
    "phone": "00-1-857-4493700   ",
    "email": "info@boston.mfa.gov.il",
    "website": "https://boston.mfa.gov.il"
  },
  {
    "country": "United States of America",
    "city": "Chicago",
    "type": "Consulate General",
    "address": "CONSULATE GENERAL 500 W. MADISON ST. CITIGROUP CENTER, SUITE 3100 CHICAGO, IL 60661 U.S.A",
    "phone": "00-1-312-3808800   ",
    "email": "info@chicago.mfa.gov.il",
    "website": "https://chicago.mfa.gov.il"
  },
  {
    "country": "United States of America",
    "city": "Houston",
    "type": "Consulate General",
    "address": "CONSULATE GENERAL 24 GREENWAY PLAZA, SUITE 1500 HOUSTON, TEXAS  77046 HOUSTON ",
    "phone": "00-1-832-3013500   ",
    "email": "consular.dep@houston.mfa.gov.il",
    "website": "https://embassies.gov.il/houston"
  },
  {
    "country": "United States of America",
    "city": "Los Angeles",
    "type": "Consulate General",
    "address": "CONSULATE GENERAL 11766  WILSHIRE BLVD. SUITE 1600 LOS ANGELES,CALIFORNIA 90025 USA ",
    "phone": "00-1-323-8525500   ",
    "email": "info@losangeles.mfa.gov.il",
    "website": "https://embassies.gov.il/la"
  },
  {
    "country": "United States of America",
    "city": "Miami",
    "type": "Consulate General",
    "address": "CONSULATE GENERAL 100 N. BISCAYNE BLVD SUITE 1800, MIAMI, FLORIDA  33132",
    "phone": "00-1-305-9259400   ",
    "email": "consular.dep@miami.mfa.gov.il",
    "website": "https://miami.mfa.gov.il"
  },
  {
    "country": "United States of America",
    "city": "San Francisco",
    "type": "Consulate General",
    "address": "CONSULATE GENERAL 456 MONTGOMERY ST. SUITE 2100 SAN FRANCISCO CA. 94104 U.S.A ",
    "phone": "00-1-415-8447500   ",
    "email": "info@sanfrancisco.mfa.gov.il",
    "website": "https://embassies.gov.il/sanfrancisco/en"
  },
  {
    "country": "Uruguay",
    "city": "Montevideo",
    "type": "Embassy",
    "address": "EMBASSY WTC 4 Dr.Luis Bonavita 1266 FLOOR 9 MONTEVIDEO",
    "phone": "00-598-2-6288733   ",
    "email": "info@montevideo.mfa.gov.il",
    "website": "https://embassies.gov.il/montevideo"
  },
  {
    "country": "Russian Federation",
    "city": "Moscow",
    "type": "Embassy",
    "address": "EMBASSY BOLSHAYA ORDYNKA 56 P.O. BOX 119017 MOSCOW ",
    "phone": "00-7-495-6602700   ",
    "email": "info@moscow.mfa.gov.il",
    "website": "https://moscow.mfa.gov.il"
  },
  {
    "country": "United States of America",
    "city": "New York/U.N",
    "type": "Delegation",
    "address": "PERMANENT MISSION TO THE UNITED NATIONS 800 SECOND AVENUE NEW YORK U.N 10017  ",
    "phone": "00-1-212-4995321   ",
    "email": "info@newyork.mfa.gov.il",
    "website": "https://embassies.gov.il/un"
  },
  {
    "country": "Netherlands",
    "city": "Hague",
    "type": "Embassy",
    "address": "EMBASSY OF ISRAEL JOHAN DE WITTLAAN 5, 2517JR  THE HAGUE NETHERLANDS",
    "phone": "00-31-70-3760500   ",
    "email": "info@hague.mfa.gov.il",
    "website": "https://embassies.gov.il/hague"
  },
  {
    "country": "China",
    "city": "Beijing",
    "type": "Embassy",
    "address": "EMBASSY NO. 17 TIAN ZE LU CHAOYANG DISTRICT BEIJING 100600 ",
    "phone": "00-86-10-85320500   ",
    "email": "info@beijing.mfa.gov.il",
    "website": "https://embassies.gov.il/beijing"
  },
  {
    "country": "Germany",
    "city": "Berlin",
    "type": "Embassy",
    "address": "EMBASSY AUGUSTE VICTORIA STR. 74-76 14193 BERLIN  ",
    "phone": "00-49-30-89045500   ",
    "email": "info@berlin.mfa.gov.il",
    "website": "https://embassies.gov.il/berlin"
  },
  {
    "country": "Korea",
    "city": "Seoul",
    "type": "Embassy",
    "address": "EMBASSY 18th fl.cheonggye 11 building 149 seorin-dong, jongro-gu SEOUL, 110-726 REPUBLIC OF KOREA",
    "phone": "00-82-2-32108500   ",
    "email": "info@seoul.mfa.gov.il",
    "website": "https://seoul.mfa.gov.il"
  },
  {
    "country": "Ukraine",
    "city": "Kiev",
    "type": "Embassy",
    "address": "EMBASSY G.P.E. - S LESI UKRAINKI 34 252195 KIEV",
    "phone": "00-380-44-5861500   ",
    "email": "info@kiev.mfa.gov.il",
    "website": "https://embassies.gov.il/kiev"
  },
  {
    "country": "Latvia",
    "city": "Riga",
    "type": "Embassy",
    "address": "EMBASSY Sporta Str. 11 LV-1013 RIGA, LATVIA ",
    "phone": "00-371--67635500   ",
    "email": "press@riga.mfa.gov.il",
    "website": "https://embassies.gov.il/riga"
  },
  {
    "country": "India",
    "city": "New Delhi",
    "type": "Embassy",
    "address": "EMBASSY DR. APJ ABDUL KALAM ROAD.3 NEW DELHI 110011  ",
    "phone": "00-91-11-30414500   ",
    "email": "info@newdelhi.mfa.gov.il",
    "website": "https://embassies.gov.il/delhi"
  },
  {
    "country": "Azerbaijan",
    "city": "Baku",
    "type": "Embassy",
    "address": "EMBASSY IZMIR ST. 10/33 HYATT PARK, TOWER #3 BAKU AZERBAIJAN",
    "phone": "00-994-12-4907881/2   ",
    "email": "info@baku.mfa.gov.il",
    "website": "https://embassies.gov.il/baku"
  },
  {
    "country": "Georgia",
    "city": "Tibilisi",
    "type": "Embassy",
    "address": "EMBASSY DAVID AGMASHENEBELI AVE.154 TBILISI 0102 GEORGIA ",
    "phone": "00-995-32-2556500   ",
    "email": "info@tbilisi.mfa.gov.il",
    "website": "https://embassies.gov.il/tbilisi"
  },
  {
    "country": "Uzbekistan",
    "city": "Tashkent",
    "type": "Embassy",
    "address": "EMBASSY 3 ABDULLA KAHHAR ST TASHKENT UZBEKISTAN 100100 ",
    "phone": "00-998-78-1407500   ",
    "email": "info@tashkent.mfa.gov.il",
    "website": "https://embassies.gov.il/tashkent"
  },
  {
    "country": "Serbia",
    "city": "Belgrade",
    "type": "Embassy",
    "address": "EMBASSYOF ISRAEL IN BELGRADE 47 Blvd.kneza A. Karadjordjevica  BELGRADE SERBIA 11040",
    "phone": "00-381-11-3643500   ",
    "email": "info@belgrade.mfa.gov.il",
    "website": "https://embassies.gov.il/boegrad"
  },
  {
    "country": "Belarus",
    "city": "Minsk",
    "type": "Embassy",
    "address": "EMBASSY PARTIZANSKY PROSPEKT 6A MINSK-220033  ",
    "phone": "00-375-17-3302500   ",
    "email": "info@minsk.mfa.gov.il",
    "website": "https://embassies.gov.il/minsk"
  },
  {
    "country": "Viet Nam",
    "city": "Hanoi",
    "type": "Embassy",
    "address": "No. 49 Hai Ba Trung Street Cua Nam Ward Hanoi City Vietnam ",
    "phone": "00-84-24-37187500   ",
    "email": "info@hanoi.mfa.gov.il",
    "website": "https://embassies.gov.il/hanoi"
  },
  {
    "country": "China",
    "city": "Shanghai",
    "type": "Consulate General",
    "address": "CONSULATE GENERAL 13F, 318 FUZHOU ROAD HUANGPU DISTRICT SHANGHAI 200001 CHINA",
    "phone": "00-86-21-60102500   ",
    "email": "info@shanghai.mfa.gov.il",
    "website": "https://embassies.gov.il/shanghai"
  },
  {
    "country": "Eritrea",
    "city": "Asmara",
    "type": "Embassy",
    "address": "EMBASSY 32 OGADEN ST. ERITREA  ",
    "phone": "00-291-1-188521 00-291-1-188599  00-291-1-188626  ",
    "email": "info@",
    "website": null
  },
  {
    "country": "Belgium",
    "city": "Brussels",
    "type": "Embassy",
    "address": "EMBASSY AVENUE DE L'OBSERVATOIRE 40 1180 UCCLE BRUSSELS ",
    "phone": "00-32-2-3735500   ",
    "email": "info@brussels.mfa.gov.il",
    "website": "https://embassies.gov.il/BRUSSELS"
  },
  {
    "country": "Holy See",
    "city": "Vatican",
    "type": "Embassy",
    "address": "EMBASSY VIA MICHELE MERCATI 12 00197 ROMA VATICAN ",
    "phone": "00-39-06-36198690/1/2   ",
    "email": "info-vat@holysee.mfa.gov.il",
    "website": null
  },
  {
    "country": "Austria",
    "city": "Mission to IAEA and CTBTO",
    "type": "Delegation",
    "address": "    ",
    "phone": "   ",
    "email": null,
    "website": "https://geneva.mfa.gov.il"
  },
  {
    "country": "Ireland",
    "city": "Dublin",
    "type": "Embassy",
    "address": "Israeli Embassy in Dublin, Ireland s23 Shelbourne Road, Ballsbridge (Dublin  Dublin Dublin",
    "phone": "00-353-1-2309400   ",
    "email": "info@dublin.mfa.gov.il",
    "website": "https://embassies.gov.il/dublin"
  },
  {
    "country": "Taiwan",
    "city": "Taipei",
    "type": "Economic and Cultural Office",
    "address": "ISRAEL ECONOMIC AND CULTURAL OFFICE SUITE 2408 24F INT'L TRADE BLDG. NO. 333 KEELUNG ROAD, SEC 1 TAIPEI ",
    "phone": "00-886-886-227579692   ",
    "email": "info@taipei.org.il",
    "website": "https://embassies.gov.il/taipei"
  },
  {
    "country": "Morocco",
    "city": "Rabat",
    "type": "Liaison Office",
    "address": "Anahil Rabat 17 Floor 3 Rabat Morocco ",
    "phone": "00-212-3-7631976/7 00-212-3-7993214   ",
    "email": "info@rabat.mfa.gov.il",
    "website": "https://embassies.gov.il/morocco/en"
  },
  {
    "country": "Jordan",
    "city": "Amman",
    "type": "Embassy",
    "address": "EMBASSY 47 MAYSALOUN ST. RABIYA P.O.BOX 950866 AMMAN 11195 - JORDAN ",
    "phone": "00-962-6-5503500 00-962-6-5503531   ",
    "email": "info@amman.mfa.gov.il",
    "website": "https://embassies.gov.il/jordan/en"
  },
  {
    "country": "Angola",
    "city": "Luanda",
    "type": "Embassy",
    "address": "EMBASSY RUA RAINHA GINGA 34 EDIFICIO SICCAL 11th FLOOR LUANDA ANGOLA",
    "phone": "00-244-222- 331501 00-244-222- 395295  00-244-222- 397331  ",
    "email": "info@luanda.mfa.gov.il",
    "website": "https://embassies.gov.il/luanda"
  },
  {
    "country": "Senegal",
    "city": "Dakar",
    "type": "Embassy",
    "address": "EMBASSY 3 PLACE DE LINDEPENDANCE B.P. 2096 DAKAR ",
    "phone": "00-221-33-8237965   ",
    "email": "info@dakar.mfa.gov.il",
    "website": "https://embassies.gov.il/dakar"
  },
  {
    "country": "France",
    "city": "Paris/OECD",
    "type": "Delegation",
    "address": "    ",
    "phone": "00-33-1-40873507   ",
    "email": null,
    "website": "https://embassies.gov.il/multilateral-organizati"
  },
  {
    "country": "Ghana",
    "city": "Accra",
    "type": "Embassy",
    "address": "EMBASSY OF ISRAEL NO. 2 FIRST CIRCULAR ROAD CANTONMENTS ACCRA, GHANA ",
    "phone": "00-233-30-2743838   ",
    "email": null,
    "website": "https://embassies.gov.il/accra"
  },
  {
    "country": "Zambia",
    "city": "Lusaka",
    "type": "Embassy",
    "address": "Musengele 1 Kabulonga lusaka  ",
    "phone": "   ",
    "email": "info@lusaka.mfa.gov.il",
    "website": "https://embassies.gov.il/zambia/en"
  },
  {
    "country": "Rwanda",
    "city": "Kigali",
    "type": "Embassy",
    "address": "EMBASSY OF ISRAEL KIGALI  HEIGHTS 6th FLOOR   KG 7 AVE KIGALI RWANDA",
    "phone": "00-250--252555511   ",
    "email": "INFO@KIGALI.MFA.GOV.IL",
    "website": "https://embassies.gov.il/kigali"
  },
  {
    "country": "Nigeria",
    "city": "Abuja",
    "type": "Embassy",
    "address": "EMBASSY 12 MARY SLESSOR, OFF UDO UDOMA STREET ASOKORO ABUJA ",
    "phone": "00-234-9-4605500 00-234-9-6739552   ",
    "email": "info@abuja.mfa.gov.il",
    "website": "https://embassies.gov.il/abuja"
  },
  {
    "country": "Croatia",
    "city": "Zagreb",
    "type": "Embassy",
    "address": "EMBASSY ULICA GRADA VUKOVARA 271 CHROMOS TOWER, 11TH FLOOR 10000 ZAGREB CROATIA",
    "phone": "00-385-1-6169500   ",
    "email": "info@zagreb.mfa.gov.il",
    "website": "https://embassies.gov.il/zagreb"
  },
  {
    "country": "Slovak, The Republic",
    "city": "Bratislava",
    "type": "Embassy",
    "address": "EMBASSY OF ISRAEL SLAVICIE UDOLIE 106  BRATISLAVA .81102 SLOVAKIA",
    "phone": "00-421-2-68298500   ",
    "email": "cao-sec@bratislava.mfa.gov.il",
    "website": "https://embassies.gov.il/bratislava"
  },
  {
    "country": "Kazakhstan",
    "city": "Astana",
    "type": "Embassy",
    "address": "Embassy of Israel Mukhtar Auezov St.8 \"Asia business Center\" floor 11 Astana 01000 Kazakhstan",
    "phone": "00-7-7172-703400   ",
    "email": null,
    "website": "https://embassies.gov.il/astana"
  },
  {
    "country": "China",
    "city": "Guangzhou",
    "type": "Consulate General",
    "address": "CONSULATE GENERAL 19F NO.3 DEVELOPMENT CENTER LINJIANG DA DAO Tianhe District Guangzhou",
    "phone": "00-86-20-85130500   ",
    "email": "info@guangzhou.mfa.gov.il",
    "website": "https://embassies.gov.il/guangzhou"
  },
  {
    "country": "Turkmenistan",
    "city": "Ashgabat",
    "type": "Embassy",
    "address": "EMBASSY \"Barkarar\" Hyzmat 82 Ataturk Street, 8th Floor, Suite H4 TURKEMNISTAN ",
    "phone": "00-993-1-2468901   ",
    "email": null,
    "website": "https://embassies.gov.il/ashgabat/en"
  },
  {
    "country": "Russian Federation",
    "city": "Saint Petersburg",
    "type": "Consulate General",
    "address": "CONSULATE GENERAL KHERSONSKAYA STR. 12-14 SAINT PETERSBURG RUSSIA ",
    "phone": "00-7-812-4060500   ",
    "email": null,
    "website": "https://embassies.gov.il/spb"
  },
  {
    "country": "Germany",
    "city": "Munich",
    "type": "Consulate General",
    "address": "CONSULATE GENERAL OF THE STATE ISRAEL BARER STR. 19 MUNICH 80333  ",
    "phone": "00-49-895-43486500   ",
    "email": null,
    "website": "https://embassies.gov.il/munchen"
  },
  {
    "country": "India",
    "city": "BENGALURU",
    "type": "Consulate General",
    "address": "CONSULATE GENERAL OF THE STATE OF ISRAEL MILLENIA, TOWER A, 1&amp;2 MURPHY ROAD HALASARU BENGALURU 560008 KARNATAKA INDIA",
    "phone": "00-91-80-49506500/1/2   ",
    "email": null,
    "website": "https://embassies.gov.il/bengaluru/en"
  },
  {
    "country": "Albania",
    "city": "Tirana",
    "type": "Embassy",
    "address": "Rruga Deshmoret 4 Shkurtit Tirana Albania ",
    "phone": "00-355-4-4508500   ",
    "email": "info@tirana.mfa.gov.il",
    "website": "https://embassies.gov.il/albania/en"
  },
  {
    "country": "China",
    "city": "Chengdu",
    "type": "Consulate General",
    "address": "CONSULATE GENERAL OF ISRAEL 17TH FLOOR, NO 99 DONGDA STREET JINJIANG DISTRICT,CHENGDU CHINA 610021 ",
    "phone": "00-86-28-68719500   ",
    "email": null,
    "website": "https://embassies.gov.il/chengdu/en"
  },
  {
    "country": "Lithuania",
    "city": "VILNIUS",
    "type": "Embassy",
    "address": "EMBASSY OF ISRAEL KOSTITUCIJOS AV.7 VILNIUS,LITHUANIA  ",
    "phone": "00-370-5-2502500   ",
    "email": null,
    "website": "https://embassies.gov.il/lithuania"
  },
  {
    "country": "Bahrain",
    "city": "Manama",
    "type": "Embassy",
    "address": "Bahrain Financial Harbour - West Tower Building 1459, Road 4626, Block 346 Sea 28th floor MANAMA KINGDOM OF BAHARAIN",
    "phone": "   ",
    "email": "info@manama.mfa.gov.il",
    "website": "https://embassies.gov.il/manama/pages/default"
  },
  {
    "country": "United Arab Emirates",
    "city": "Abu Dhabi",
    "type": "Embassy",
    "address": "Embassy of Israel Etihad towers office tower No 3 ABU DHABI U.A.E",
    "phone": "00--971-22455811   ",
    "email": "info@abudhabi.mfa.gov.il",
    "website": "https://embassies.gov.il/abu_dhab"
  },
  {
    "country": "United Arab Emirates",
    "city": "Dubai",
    "type": "Consulate General",
    "address": "    ",
    "phone": "00--971-524785136   ",
    "email": "cao@dubai.mfa.gov.il",
    "website": "https://embassies.gov.il/dubai/en"
  },
  {
    "country": "Italy",
    "city": "Rome U.N.",
    "type": "Delegation",
    "address": "    ",
    "phone": "   ",
    "email": null,
    "website": null
  },
  {
    "country": "Moldova",
    "city": "Chisinau",
    "type": "Embassy",
    "address": "    ",
    "phone": "00--373-22026500   ",
    "email": null,
    "website": "https://embassies.gov.il/kishinev/en"
  },
  {
    "country": "Estonia",
    "city": "Tallinn",
    "type": "Embassy",
    "address": "    ",
    "phone": "   ",
    "email": null,
    "website": null
  },
  {
    "country": "Uganda",
    "city": "Nairobi",
    "type": "Embassy",
    "address": "EMBASSY BISHOP ROAD NAIROBI P.O. BOX 30354 NAIROBI 00100 KENYA",
    "phone": "00-254-20-4927500 00-254-20-2710381  00-254-20-2711684  ",
    "email": "info@nairobi.mfa.gov.il",
    "website": "https://embassies.gov.il/nairobi"
  },
  {
    "country": "El Salvador",
    "city": "Guatemala City",
    "type": "Embassy",
    "address": "EMBAJADA DE ISRAEL CENTRO DE NEGOCIOS ZENIT 9 AVE. 19-61, ZONA 10 GUATEMALA CITY GUATEMALA",
    "phone": "00-502--23178500   ",
    "email": "info@guatemala.mfa.gov.il",
    "website": "https://embassies.gov.il/guatemala"
  },
  {
    "country": "Bolivia",
    "city": "Lima",
    "type": "Embassy",
    "address": "EMBASSY CALLE: ANDRES REYES 437, SAN ISIDRO CENTRO EMPRESARIAL PLATINUM PLAZA 2 PISO 13 LIMA, PERU",
    "phone": "00-51-1-4180500   ",
    "email": "info@lima.mfa.gov.il",
    "website": "https://embassies.gov.il/lima"
  },
  {
    "country": "Congo (Democratic Republic)",
    "city": "Luanda",
    "type": "Embassy",
    "address": "EMBASSY RUA RAINHA GINGA 34 EDIFICIO SICCAL 11th FLOOR LUANDA ANGOLA",
    "phone": "00-244-222- 331501 00-244-222- 395295  00-244-222- 397331  ",
    "email": "info@luanda.mfa.gov.il",
    "website": "https://embassies.gov.il/luanda"
  },
  {
    "country": "Zimbabwe",
    "city": "Lusaka",
    "type": "Embassy",
    "address": "Musengele 1 Kabulonga lusaka  ",
    "phone": "   ",
    "email": "info@lusaka.mfa.gov.il",
    "website": "https://embassies.gov.il/zambia/en"
  },
  {
    "country": "Liberia",
    "city": "Accra",
    "type": "Embassy",
    "address": "EMBASSY OF ISRAEL NO. 2 FIRST CIRCULAR ROAD CANTONMENTS ACCRA, GHANA ",
    "phone": "00-233-30-2743838   ",
    "email": null,
    "website": "https://embassies.gov.il/accra"
  },
  {
    "country": "Eswatini",
    "city": "Pretoria",
    "type": "Embassy",
    "address": "EMBASSY 428 KINGS HIGHWAY PRETORA SOUTH AFRICA 0081 ",
    "phone": "00-27-12-4703500   ",
    "email": "pr@pretoria.mfa.gov.il",
    "website": "https://embassies.gov.il/pretoria"
  },
  {
    "country": "Seychelles",
    "city": "Nairobi",
    "type": "Embassy",
    "address": "EMBASSY BISHOP ROAD NAIROBI P.O. BOX 30354 NAIROBI 00100 KENYA",
    "phone": "00-254-20-4927500 00-254-20-2710381  00-254-20-2711684  ",
    "email": "info@nairobi.mfa.gov.il",
    "website": "https://embassies.gov.il/nairobi"
  },
  {
    "country": "Iceland",
    "city": "Oslo",
    "type": "Embassy",
    "address": "EMBASSY PARKVEIEN 35 0244 OSLO  ",
    "phone": "00-47--21019500   ",
    "email": "info@oslo.mfa.gov.il",
    "website": "https://embassies.gov.il/oslo"
  },
  {
    "country": "Andorra",
    "city": "Madrid",
    "type": "Embassy",
    "address": "EMBASSY VELAZQUEZ 150 28002 MADRID SPAIN ",
    "phone": "00-34-91-7829500   ",
    "email": "info@madrid.mfa.gov.il",
    "website": "https://embassies.gov.il/madrid"
  },
  {
    "country": "Antigua - Barbuda",
    "city": "Santo Domingo",
    "type": "Embassy",
    "address": "DOWNTOWN CENTER AV. NUNES DE CACERES CORNER ROMULO BETANCOURT, BELLA VISTA SNATO DOMINGO DOMINICAN REPUBLIC",
    "phone": "00-1-809-9201500   ",
    "email": "info@santodomingo.mfa.gov.il",
    "website": "https://santodomingo.mfa.gov.il"
  },
  {
    "country": "Estonia",
    "city": "Helsinki",
    "type": "Embassy",
    "address": "EMBASSY YRJONKATU 36A HELSINKI 00100 FINLAND ",
    "phone": "00-358-9-6812020   ",
    "email": "info@helsinki.mfa.gov.il",
    "website": "https://embassies.gov.il/helsinki"
  },
  {
    "country": "Bahamas",
    "city": "Mexico-City",
    "type": "Embassy",
    "address": "EMBASSY SIERRA MADRE NO. 215 LOMAS DE CHAPULTEPEC 11000, MEXICO D.F MEXICO-CITY",
    "phone": "00-52-55-52011500   ",
    "email": "info@mexico.mfa.gov.il",
    "website": "https://embassies.gov.il/mexico-city"
  },
  {
    "country": "Botswana",
    "city": "Lusaka",
    "type": "Embassy",
    "address": "Musengele 1 Kabulonga lusaka  ",
    "phone": "   ",
    "email": "info@lusaka.mfa.gov.il",
    "website": "https://embassies.gov.il/zambia/en"
  },
  {
    "country": "Burkina Faso",
    "city": "Abidjan",
    "type": "Embassy",
    "address": "EMBASSY 01 B.P. 1877, ABIDJAN 01  ",
    "phone": "00-225-27-20213178   ",
    "email": "info@abidjan.mfa.gov.il",
    "website": "https://embassies.gov.il/abidjan"
  },
  {
    "country": "Belize",
    "city": "Mexico-City",
    "type": "Embassy",
    "address": "EMBASSY SIERRA MADRE NO. 215 LOMAS DE CHAPULTEPEC 11000, MEXICO D.F MEXICO-CITY",
    "phone": "00-52-55-52011500   ",
    "email": "info@mexico.mfa.gov.il",
    "website": "https://embassies.gov.il/mexico-city"
  },
  {
    "country": "Benin",
    "city": "Abidjan",
    "type": "Embassy",
    "address": "EMBASSY 01 B.P. 1877, ABIDJAN 01  ",
    "phone": "00-225-27-20213178   ",
    "email": "info@abidjan.mfa.gov.il",
    "website": "https://embassies.gov.il/abidjan"
  },
  {
    "country": "Barbados",
    "city": "Panama City",
    "type": "Embassy",
    "address": "EMBAJADA DE ISRAEL EN PANAMA EDIFICIO P.H TORRE DEL BANCO GENERAL PISO 17 PANAMA-CITY PANAMA",
    "phone": "00-507--2084700   ",
    "email": "info@panama.mfa.gov.il",
    "website": "https://embassies.gov.il/panama"
  },
  {
    "country": "Gabon",
    "city": "Yaounde",
    "type": "Embassy",
    "address": "EMBASSY P.O. BOX 5934 YAOUNDE  ",
    "phone": "00-237-2-2219397 00-237-2-2201644  00-237-2-2211291  ",
    "email": "info@yaounde.mfa.gov.il",
    "website": "https://embassies.gov.il/yaounde"
  },
  {
    "country": "Jamaica",
    "city": "Santo Domingo",
    "type": "Embassy",
    "address": "DOWNTOWN CENTER AV. NUNES DE CACERES CORNER ROMULO BETANCOURT, BELLA VISTA SNATO DOMINGO DOMINICAN REPUBLIC",
    "phone": "00-1-809-9201500   ",
    "email": "info@santodomingo.mfa.gov.il",
    "website": "https://santodomingo.mfa.gov.il"
  },
  {
    "country": "Guyana",
    "city": "Panama City",
    "type": "Embassy",
    "address": "EMBAJADA DE ISRAEL EN PANAMA EDIFICIO P.H TORRE DEL BANCO GENERAL PISO 17 PANAMA-CITY PANAMA",
    "phone": "00-507--2084700   ",
    "email": "info@panama.mfa.gov.il",
    "website": "https://embassies.gov.il/panama"
  },
  {
    "country": "Guinea-Bissau",
    "city": "Dakar",
    "type": "Embassy",
    "address": "EMBASSY 3 PLACE DE LINDEPENDANCE B.P. 2096 DAKAR ",
    "phone": "00-221-33-8237965   ",
    "email": "info@dakar.mfa.gov.il",
    "website": "https://embassies.gov.il/dakar"
  },
  {
    "country": "Equatorial Guinea",
    "city": "Yaounde",
    "type": "Embassy",
    "address": "EMBASSY P.O. BOX 5934 YAOUNDE  ",
    "phone": "00-237-2-2219397 00-237-2-2201644  00-237-2-2211291  ",
    "email": "info@yaounde.mfa.gov.il",
    "website": "https://embassies.gov.il/yaounde"
  },
  {
    "country": "Gambia",
    "city": "Dakar",
    "type": "Embassy",
    "address": "EMBASSY 3 PLACE DE LINDEPENDANCE B.P. 2096 DAKAR ",
    "phone": "00-221-33-8237965   ",
    "email": "info@dakar.mfa.gov.il",
    "website": "https://embassies.gov.il/dakar"
  },
  {
    "country": "Grenada",
    "city": "Santo Domingo",
    "type": "Embassy",
    "address": "DOWNTOWN CENTER AV. NUNES DE CACERES CORNER ROMULO BETANCOURT, BELLA VISTA SNATO DOMINGO DOMINICAN REPUBLIC",
    "phone": "00-1-809-9201500   ",
    "email": "info@santodomingo.mfa.gov.il",
    "website": "https://santodomingo.mfa.gov.il"
  },
  {
    "country": "Dominica",
    "city": "Santo Domingo",
    "type": "Embassy",
    "address": "DOWNTOWN CENTER AV. NUNES DE CACERES CORNER ROMULO BETANCOURT, BELLA VISTA SNATO DOMINGO DOMINICAN REPUBLIC",
    "phone": "00-1-809-9201500   ",
    "email": "info@santodomingo.mfa.gov.il",
    "website": "https://santodomingo.mfa.gov.il"
  },
  {
    "country": "Haiti",
    "city": "Santo Domingo",
    "type": "Embassy",
    "address": "DOWNTOWN CENTER AV. NUNES DE CACERES CORNER ROMULO BETANCOURT, BELLA VISTA SNATO DOMINGO DOMINICAN REPUBLIC",
    "phone": "00-1-809-9201500   ",
    "email": "info@santodomingo.mfa.gov.il",
    "website": "https://santodomingo.mfa.gov.il"
  },
  {
    "country": "Tajikistan",
    "city": "Tashkent",
    "type": "Embassy",
    "address": "EMBASSY 3 ABDULLA KAHHAR ST TASHKENT UZBEKISTAN 100100 ",
    "phone": "00-998-78-1407500   ",
    "email": "info@tashkent.mfa.gov.il",
    "website": "https://embassies.gov.il/tashkent"
  },
  {
    "country": "Togo",
    "city": "Abidjan",
    "type": "Embassy",
    "address": "EMBASSY 01 B.P. 1877, ABIDJAN 01  ",
    "phone": "00-225-27-20213178   ",
    "email": "info@abidjan.mfa.gov.il",
    "website": "https://embassies.gov.il/abidjan"
  },
  {
    "country": "Tonga",
    "city": "Wellington",
    "type": "Embassy",
    "address": "EMBASSY 36 BRANDON STREET LEVEL 13 \"BAYLEYS\" BUILDING WELLINGTON, 6146 NEW ZEALAND",
    "phone": "00-64-4-4399500   ",
    "email": "info@wellington.mfa.gov.il",
    "website": "https://embassies.gov.il/wellington"
  },
  {
    "country": "Trinidad &amp; Tobago",
    "city": "Panama City",
    "type": "Embassy",
    "address": "EMBAJADA DE ISRAEL EN PANAMA EDIFICIO P.H TORRE DEL BANCO GENERAL PISO 17 PANAMA-CITY PANAMA",
    "phone": "00-507--2084700   ",
    "email": "info@panama.mfa.gov.il",
    "website": "https://embassies.gov.il/panama"
  },
  {
    "country": "Laos",
    "city": "Hanoi",
    "type": "Embassy",
    "address": "No. 49 Hai Ba Trung Street Cua Nam Ward Hanoi City Vietnam ",
    "phone": "00-84-24-37187500   ",
    "email": "info@hanoi.mfa.gov.il",
    "website": "https://embassies.gov.il/hanoi"
  },
  {
    "country": "Luxembourg",
    "city": "Brussels",
    "type": "Embassy",
    "address": "EMBASSY AVENUE DE L'OBSERVATOIRE 40 1180 UCCLE BRUSSELS ",
    "phone": "00-32-2-3735500   ",
    "email": "info@brussels.mfa.gov.il",
    "website": "https://embassies.gov.il/BRUSSELS"
  },
  {
    "country": "Liechtenstein",
    "city": "Bern",
    "type": "Embassy",
    "address": "EMBASSY ALPENSTRASSE 32 3006 BERN ",
    "phone": "00-41-31-3563500   ",
    "email": "info@bern.mfa.gov.il",
    "website": "https://embassies.gov.il/bern"
  },
  {
    "country": "Lesotho",
    "city": "Pretoria",
    "type": "Embassy",
    "address": "EMBASSY 428 KINGS HIGHWAY PRETORA SOUTH AFRICA 0081 ",
    "phone": "00-27-12-4703500   ",
    "email": "pr@pretoria.mfa.gov.il",
    "website": "https://embassies.gov.il/pretoria"
  },
  {
    "country": "Mauritius",
    "city": "Pretoria",
    "type": "Embassy",
    "address": "EMBASSY 428 KINGS HIGHWAY PRETORA SOUTH AFRICA 0081 ",
    "phone": "00-27-12-4703500   ",
    "email": "pr@pretoria.mfa.gov.il",
    "website": "https://embassies.gov.il/pretoria"
  },
  {
    "country": "Madagascar",
    "city": "Pretoria",
    "type": "Embassy",
    "address": "EMBASSY 428 KINGS HIGHWAY PRETORA SOUTH AFRICA 0081 ",
    "phone": "00-27-12-4703500   ",
    "email": "pr@pretoria.mfa.gov.il",
    "website": "https://embassies.gov.il/pretoria"
  },
  {
    "country": "Mozambique",
    "city": "Luanda",
    "type": "Embassy",
    "address": "EMBASSY RUA RAINHA GINGA 34 EDIFICIO SICCAL 11th FLOOR LUANDA ANGOLA",
    "phone": "00-244-222- 331501 00-244-222- 395295  00-244-222- 397331  ",
    "email": "info@luanda.mfa.gov.il",
    "website": "https://embassies.gov.il/luanda"
  },
  {
    "country": "Monaco",
    "city": "Paris",
    "type": "Embassy",
    "address": "EMBASSY RUE RABELAIS 3  PARIS 75008 FRANCE",
    "phone": "00-33-1-40765500   ",
    "email": "info@paris.mfa.gov.il",
    "website": "https://paris.mfa.gov.il"
  },
  {
    "country": "Mongolia",
    "city": "Beijing",
    "type": "Embassy",
    "address": "EMBASSY NO. 17 TIAN ZE LU CHAOYANG DISTRICT BEIJING 100600 ",
    "phone": "00-86-10-85320500   ",
    "email": "info@beijing.mfa.gov.il",
    "website": "https://embassies.gov.il/beijing"
  },
  {
    "country": "Malawi",
    "city": "Nairobi",
    "type": "Embassy",
    "address": "EMBASSY BISHOP ROAD NAIROBI P.O. BOX 30354 NAIROBI 00100 KENYA",
    "phone": "00-254-20-4927500 00-254-20-2710381  00-254-20-2711684  ",
    "email": "info@nairobi.mfa.gov.il",
    "website": "https://embassies.gov.il/nairobi"
  },
  {
    "country": "Nicaragua",
    "city": "San Jose",
    "type": "Embassy",
    "address": "EMBASSY EDIFICIO CENTRO COLON PASEO COLON, CALLE 38 SAN JOSE ",
    "phone": "00-506--22216444   ",
    "email": "info@sanjose.mfa.gov.il",
    "website": "https://sanjose.mfa.gov.il"
  },
  {
    "country": "Namibia",
    "city": "Pretoria",
    "type": "Embassy",
    "address": "EMBASSY 428 KINGS HIGHWAY PRETORA SOUTH AFRICA 0081 ",
    "phone": "00-27-12-4703500   ",
    "email": "pr@pretoria.mfa.gov.il",
    "website": "https://embassies.gov.il/pretoria"
  },
  {
    "country": "Sao Tome - Principe",
    "city": "Luanda",
    "type": "Embassy",
    "address": "EMBASSY RUA RAINHA GINGA 34 EDIFICIO SICCAL 11th FLOOR LUANDA ANGOLA",
    "phone": "00-244-222- 331501 00-244-222- 395295  00-244-222- 397331  ",
    "email": "info@luanda.mfa.gov.il",
    "website": "https://embassies.gov.il/luanda"
  },
  {
    "country": "Suriname",
    "city": "Panama City",
    "type": "Embassy",
    "address": "EMBAJADA DE ISRAEL EN PANAMA EDIFICIO P.H TORRE DEL BANCO GENERAL PISO 17 PANAMA-CITY PANAMA",
    "phone": "00-507--2084700   ",
    "email": "info@panama.mfa.gov.il",
    "website": "https://embassies.gov.il/panama"
  },
  {
    "country": "San Marino",
    "city": "Rome",
    "type": "Embassy",
    "address": "EMBASSY VIA MICHELE MERCATI 14 ROME, ITALY ",
    "phone": "00-39-06-36198500   ",
    "email": "info-coor@roma.mfa.gov.il",
    "website": "https://embassies.gov.il/rome"
  },
  {
    "country": "St. Vincent - The Grenadines",
    "city": "Santo Domingo",
    "type": "Embassy",
    "address": "DOWNTOWN CENTER AV. NUNES DE CACERES CORNER ROMULO BETANCOURT, BELLA VISTA SNATO DOMINGO DOMINICAN REPUBLIC",
    "phone": "00-1-809-9201500   ",
    "email": "info@santodomingo.mfa.gov.il",
    "website": "https://santodomingo.mfa.gov.il"
  },
  {
    "country": "St. Lucia",
    "city": "Santo Domingo",
    "type": "Embassy",
    "address": "DOWNTOWN CENTER AV. NUNES DE CACERES CORNER ROMULO BETANCOURT, BELLA VISTA SNATO DOMINGO DOMINICAN REPUBLIC",
    "phone": "00-1-809-9201500   ",
    "email": "info@santodomingo.mfa.gov.il",
    "website": "https://santodomingo.mfa.gov.il"
  },
  {
    "country": "St. Kitts and Nevis",
    "city": "Santo Domingo",
    "type": "Embassy",
    "address": "DOWNTOWN CENTER AV. NUNES DE CACERES CORNER ROMULO BETANCOURT, BELLA VISTA SNATO DOMINGO DOMINICAN REPUBLIC",
    "phone": "00-1-809-9201500   ",
    "email": "info@santodomingo.mfa.gov.il",
    "website": "https://santodomingo.mfa.gov.il"
  },
  {
    "country": "Sierra Leone",
    "city": "Dakar",
    "type": "Embassy",
    "address": "EMBASSY 3 PLACE DE LINDEPENDANCE B.P. 2096 DAKAR ",
    "phone": "00-221-33-8237965   ",
    "email": "info@dakar.mfa.gov.il",
    "website": "https://embassies.gov.il/dakar"
  },
  {
    "country": "Samoa",
    "city": "Wellington",
    "type": "Embassy",
    "address": "EMBASSY 36 BRANDON STREET LEVEL 13 \"BAYLEYS\" BUILDING WELLINGTON, 6146 NEW ZEALAND",
    "phone": "00-64-4-4399500   ",
    "email": "info@wellington.mfa.gov.il",
    "website": "https://embassies.gov.il/wellington"
  },
  {
    "country": "Congo",
    "city": "Yaounde",
    "type": "Embassy",
    "address": "EMBASSY P.O. BOX 5934 YAOUNDE  ",
    "phone": "00-237-2-2219397 00-237-2-2201644  00-237-2-2211291  ",
    "email": "info@yaounde.mfa.gov.il",
    "website": "https://embassies.gov.il/yaounde"
  },
  {
    "country": "Cape Verde",
    "city": "Dakar",
    "type": "Embassy",
    "address": "EMBASSY 3 PLACE DE LINDEPENDANCE B.P. 2096 DAKAR ",
    "phone": "00-221-33-8237965   ",
    "email": "info@dakar.mfa.gov.il",
    "website": "https://embassies.gov.il/dakar"
  },
  {
    "country": "Kyrgyzstan",
    "city": "Astana",
    "type": "Embassy",
    "address": "Embassy of Israel Mukhtar Auezov St.8 \"Asia business Center\" floor 11 Astana 01000 Kazakhstan",
    "phone": "00-7-7172-703400   ",
    "email": null,
    "website": "https://embassies.gov.il/astana"
  },
  {
    "country": "Cambodia",
    "city": "Bangkok",
    "type": "Embassy",
    "address": "EMBASSY OCEAN TOWER  II 25TH FL. SUKUMVIT SOI  19 BANGKOK 10110 ",
    "phone": "00-66-2-2049200   ",
    "email": "info@bangkok.mfa.gov.il",
    "website": "https://embassies.gov.il/bangkok"
  },
  {
    "country": "United Republic of Tanzania",
    "city": "Nairobi",
    "type": "Embassy",
    "address": "EMBASSY BISHOP ROAD NAIROBI P.O. BOX 30354 NAIROBI 00100 KENYA",
    "phone": "00-254-20-4927500 00-254-20-2710381  00-254-20-2711684  ",
    "email": "info@nairobi.mfa.gov.il",
    "website": "https://embassies.gov.il/nairobi"
  },
  {
    "country": "Burundi",
    "city": "Addis Ababa",
    "type": "Embassy",
    "address": "EMBASSY P.O. BOX 1266 HIGHER 16 KEBELE 22 HOUSE NO. 283 ADDIS ABABA",
    "phone": "00-251-11-6460999   ",
    "email": "consul@addisababa.mfa.gov.il",
    "website": "https://embassies.gov.il/addis_ababa"
  },
  {
    "country": "Sri Lanka",
    "city": "New Delhi",
    "type": "Embassy",
    "address": "EMBASSY DR. APJ ABDUL KALAM ROAD.3 NEW DELHI 110011  ",
    "phone": "00-91-11-30414500   ",
    "email": "info@newdelhi.mfa.gov.il",
    "website": "https://embassies.gov.il/delhi"
  },
  {
    "country": "Bhutan",
    "city": "New Delhi",
    "type": "Embassy",
    "address": "EMBASSY DR. APJ ABDUL KALAM ROAD.3 NEW DELHI 110011  ",
    "phone": "00-91-11-30414500   ",
    "email": "info@newdelhi.mfa.gov.il",
    "website": "https://embassies.gov.il/delhi"
  },
  {
    "country": "Guinea",
    "city": "Dakar",
    "type": "Embassy",
    "address": "EMBASSY 3 PLACE DE LINDEPENDANCE B.P. 2096 DAKAR ",
    "phone": "00-221-33-8237965   ",
    "email": "info@dakar.mfa.gov.il",
    "website": "https://embassies.gov.il/dakar"
  },
  {
    "country": "Chad",
    "city": "Dakar",
    "type": "Embassy",
    "address": "EMBASSY 3 PLACE DE LINDEPENDANCE B.P. 2096 DAKAR ",
    "phone": "00-221-33-8237965   ",
    "email": "info@dakar.mfa.gov.il",
    "website": "https://embassies.gov.il/dakar"
  },
  {
    "country": "Central African Republic",
    "city": "Yaounde",
    "type": "Embassy",
    "address": "EMBASSY P.O. BOX 5934 YAOUNDE  ",
    "phone": "00-237-2-2219397 00-237-2-2201644  00-237-2-2211291  ",
    "email": "info@yaounde.mfa.gov.il",
    "website": "https://embassies.gov.il/yaounde"
  },
  {
    "country": "Bosnia - Herzegovina",
    "city": "Tirana",
    "type": "Embassy",
    "address": "Rruga Deshmoret 4 Shkurtit Tirana Albania ",
    "phone": "00-355-4-4508500   ",
    "email": "info@tirana.mfa.gov.il",
    "website": "https://embassies.gov.il/albania/en"
  },
  {
    "country": "East Timor",
    "city": "Singapore",
    "type": "Embassy",
    "address": "EMBASSY 24 Stevens Close SINGAPORE 257964 ",
    "phone": "00-65--68349200   ",
    "email": "info@singapore.mfa.gov.il",
    "website": "https://embassies.gov.il/singapore"
  },
  {
    "country": "Montenegro",
    "city": "Belgrade",
    "type": "Embassy",
    "address": "EMBASSYOF ISRAEL IN BELGRADE 47 Blvd.kneza A. Karadjordjevica  BELGRADE SERBIA 11040",
    "phone": "00-381-11-3643500   ",
    "email": "info@belgrade.mfa.gov.il",
    "website": "https://embassies.gov.il/boegrad"
  },
  {
    "country": "Cook Islands",
    "city": "Wellington",
    "type": "Embassy",
    "address": "EMBASSY 36 BRANDON STREET LEVEL 13 \"BAYLEYS\" BUILDING WELLINGTON, 6146 NEW ZEALAND",
    "phone": "00-64-4-4399500   ",
    "email": "info@wellington.mfa.gov.il",
    "website": "https://embassies.gov.il/wellington"
  },
  {
    "country": "Fiji",
    "city": "Jerusalem",
    "type": "Non Resident",
    "address": "    ",
    "phone": "",
    "email": null,
    "website": null
  },
  {
    "country": "Marshall Islands",
    "city": "Jerusalem",
    "type": "Non Resident",
    "address": "    ",
    "phone": "",
    "email": null,
    "website": null
  },
  {
    "country": "Solomon Islands",
    "city": "Jerusalem",
    "type": "Non Resident",
    "address": "    ",
    "phone": "",
    "email": null,
    "website": null
  },
  {
    "country": "Armenia",
    "city": "Jerusalem",
    "type": "Non Resident",
    "address": "    ",
    "phone": "",
    "email": null,
    "website": null
  },
  {
    "country": "Vanuatu",
    "city": "Jerusalem",
    "type": "Non Resident",
    "address": "    ",
    "phone": "",
    "email": null,
    "website": null
  },
  {
    "country": "Zambia",
    "city": "Jerusalem",
    "type": "Non Resident",
    "address": "    ",
    "phone": "",
    "email": null,
    "website": null
  },
  {
    "country": "Tuvalu",
    "city": "Jerusalem",
    "type": "Non Resident",
    "address": "    ",
    "phone": "",
    "email": null,
    "website": null
  },
  {
    "country": "Micronesia",
    "city": "Jerusalem",
    "type": "Non Resident",
    "address": "    ",
    "phone": "",
    "email": null,
    "website": null
  },
  {
    "country": "Malta",
    "city": "Jerusalem",
    "type": "Non Resident",
    "address": "    ",
    "phone": "",
    "email": null,
    "website": null
  },
  {
    "country": "Slovenia",
    "city": "Jerusalem",
    "type": "Non Resident",
    "address": "    ",
    "phone": "",
    "email": null,
    "website": null
  },
  {
    "country": "Papua New Guinea",
    "city": "Jerusalem",
    "type": "Non Resident",
    "address": "    ",
    "phone": "",
    "email": null,
    "website": null
  },
  {
    "country": "Kiribati",
    "city": "Jerusalem",
    "type": "Non Resident",
    "address": "    ",
    "phone": "",
    "email": null,
    "website": null
  },
  {
    "country": "Nauru",
    "city": "Jerusalem",
    "type": "Non Resident",
    "address": "    ",
    "phone": "",
    "email": null,
    "website": null
  },
  {
    "country": "Republic Of Palau",
    "city": "Jerusalem",
    "type": "Non Resident",
    "address": "    ",
    "phone": "",
    "email": null,
    "website": null
  },
  {
    "country": "North Macedonia",
    "city": "Jerusalem",
    "type": "Non Resident",
    "address": "    ",
    "phone": "",
    "email": null,
    "website": null
  },
  {
    "country": "South Sudan",
    "city": "Jerusalem",
    "type": "Non Resident",
    "address": "    ",
    "phone": "",
    "email": null,
    "website": null
  },
  {
    "country": "Kosovo",
    "city": "Jerusalem",
    "type": "Non Resident",
    "address": "    ",
    "phone": "",
    "email": null,
    "website": null
  },
  {
    "country": "Qatar",
    "city": "Doha",
    "type": "Delegation",
    "address": "   DOHA QATAR",
    "phone": "00-972-25303155   ",
    "email": null,
    "website": null
  }
]